id,xmid,ymid,radius,ubulk,HtAvg
1,1.5e-05,1.29903810567666e-05,2.5e-06,0.000508065981022844,0.313875244710442
2,1.5e-05,3.89711431702997e-05,2.5e-06,0.000229845656465171,0.00558828328861318
3,1.5e-05,6.49519052838329e-05,2.5e-06,0.000105056483503039,0
4,1.5e-05,9.09326673973661e-05,2.5e-06,3.95078328682086e-05,0
5,1.5e-05,0.000116913429510899,2.5e-06,3.53619354529271e-05,0.0172305401398907
6,1.5e-05,0.000142894191624432,2.5e-06,3.10118324202548e-05,0.106177382483651
7,1.5e-05,0.000168874953737966,2.5e-06,1.46012118825948e-05,0.340419590331354
8,1.5e-05,0.000194855715851499,2.5e-06,9.19171484954093e-06,0.653363454493694
9,1.5e-05,0.000220836477965032,2.5e-06,1.29065955264295e-05,0.825668855892601
10,1.5e-05,0.000246817240078565,2.5e-06,1.44507560090012e-05,0.92672364536169
11,3.75e-05,0,2.5e-06,0.0002419899212384,0.0675250897374093
12,3.75e-05,2.59807621135332e-05,2.5e-06,0.000164683213222563,0.769320332732418
13,3.75e-05,5.19615242270663e-05,2.5e-06,0.000184931868415396,0.101054789469089
14,3.75e-05,7.79422863405995e-05,2.5e-06,0.000110231536495888,0.00186276109620439
15,3.75e-05,0.000103923048454133,2.5e-06,6.79612340716589e-05,0
16,3.75e-05,0.000129903810567666,2.5e-06,5.67086966428393e-05,0
17,3.75e-05,0.000155884572681199,2.5e-06,4.96129428054765e-05,0
18,3.75e-05,0.000181865334794732,2.5e-06,4.43474742924557e-05,0.121545161527337
19,3.75e-05,0.000207846096908265,2.5e-06,2.64549772432143e-05,0.521107416663181
20,3.75e-05,0.000233826859021798,2.5e-06,3.57636229141027e-05,0.318066457176902
21,3.75e-05,0.000259807621135332,2.5e-06,1.73145126580054e-05,0.663142950248767
22,6e-05,1.29903810567666e-05,2.5e-06,0.000251654966716331,0.116422568512775
23,6e-05,3.89711431702997e-05,2.5e-06,0.000124692971066604,0.835448351647675
24,6e-05,6.49519052838329e-05,2.5e-06,0.000107544709379999,0.319463527999055
25,6e-05,9.09326673973661e-05,2.5e-06,0.000118910572468062,0.0130393276734308
26,6e-05,0.000116913429510899,2.5e-06,8.4523348771003e-05,0
27,6e-05,0.000142894191624432,2.5e-06,7.17808863357256e-05,0
28,6e-05,0.000168874953737966,2.5e-06,6.74513892765847e-05,0
29,6e-05,0.000194855715851499,2.5e-06,6.30474631530229e-05,0.080098727136789
30,6e-05,0.000220836477965032,2.5e-06,5.32895824785688e-05,0.262183624290769
31,6e-05,0.000246817240078565,2.5e-06,5.71041103540995e-05,0.415395724453581
32,8.25e-05,0,2.5e-06,0.000131293582977074,0.0484317885013142
33,8.25e-05,2.59807621135332e-05,2.5e-06,0.000143688750241445,0.210957694145148
34,8.25e-05,5.19615242270663e-05,2.5e-06,9.20082620571108e-05,0.861527006994536
35,8.25e-05,7.79422863405995e-05,2.5e-06,6.75538724760641e-05,0.645446719834825
36,8.25e-05,0.000103923048454133,2.5e-06,0.00010487685390152,0.0637995675450005
37,8.25e-05,0.000129903810567666,2.5e-06,8.69018492061989e-05,0.00279414164430659
38,8.25e-05,0.000155884572681199,2.5e-06,8.54870913122557e-05,0
39,8.25e-05,0.000181865334794732,2.5e-06,9.04324777605699e-05,0
40,8.25e-05,0.000207846096908265,2.5e-06,7.76635238614504e-05,0.0568142134342341
41,8.25e-05,0.000233826859021798,2.5e-06,8.34968372697651e-05,0.192330083183104
42,8.25e-05,0.000259807621135332,2.5e-06,3.65968989365495e-05,0.599809072977817
43,0.000105,1.29903810567666e-05,2.5e-06,0.000176906398192487,0.0353924608278834
44,0.000105,3.89711431702997e-05,2.5e-06,0.000106469552153954,0.305027129503471
45,0.000105,6.49519052838329e-05,2.5e-06,6.61140647646698e-05,0.862924077816689
46,0.000105,9.09326673973661e-05,2.5e-06,5.47713606376134e-05,0.837311112743879
47,0.000105,0.000116913429510899,2.5e-06,7.70077517777352e-05,0.272894500593945
48,0.000105,0.000142894191624432,2.5e-06,9.77351631389523e-05,0.00698535411076648
49,0.000105,0.000168874953737966,2.5e-06,9.86207821554929e-05,0
50,0.000105,0.000194855715851499,2.5e-06,0.000106502810774992,0
51,0.000105,0.000220836477965032,2.5e-06,0.00011693033018796,0.0409807441164966
52,0.000105,0.000246817240078565,2.5e-06,9.89417862161504e-05,0.396302423217486
53,0.0001275,0,2.5e-06,8.42636236982614e-05,0.00512259301456208
54,0.0001275,2.59807621135332e-05,2.5e-06,0.000109044546810681,0.0512259301456208
55,0.0001275,5.19615242270663e-05,2.5e-06,7.9551082547562e-05,0.468484415695407
56,0.0001275,7.79422863405995e-05,2.5e-06,5.27140273888507e-05,0.887605662341398
57,0.0001275,0.000103923048454133,2.5e-06,4.67562385347055e-05,0.886674281793296
58,0.0001275,0.000129903810567666,2.5e-06,6.7031381576057e-05,0.515519133374568
59,0.0001275,0.000155884572681199,2.5e-06,9.82763095017752e-05,0.0451719565829565
60,0.0001275,0.000181865334794732,2.5e-06,0.000113290840444412,0
61,0.0001275,0.000207846096908265,2.5e-06,0.000142078910240068,0
62,0.0001275,0.000233826859021798,2.5e-06,0.000138510485052745,0.0488974787753654
63,0.0001275,0.000259807621135332,2.5e-06,6.84825542048882e-05,0.586304055030335
64,0.00015,1.29903810567666e-05,2.5e-06,0.000106411146043344,0.00372552219240879
65,0.00015,3.89711431702997e-05,2.5e-06,9.15741264888689e-05,0.0642652578190517
66,0.00015,6.49519052838329e-05,2.5e-06,5.07918302477363e-05,0.669662614085482
67,0.00015,9.09326673973661e-05,2.5e-06,4.6405193736364e-05,0.85081613069136
68,0.00015,0.000116913429510899,2.5e-06,4.95398869279178e-05,0.861061316720484
69,0.00015,0.000142894191624432,2.5e-06,5.14706817769869e-05,0.723216995601359
70,0.00015,0.000168874953737966,2.5e-06,8.65192153601961e-05,0.165785737562191
71,0.00015,0.000194855715851499,2.5e-06,0.000147747014633943,0
72,0.00015,0.000220836477965032,2.5e-06,0.00020079971521231,0
73,0.00015,0.000246817240078565,2.5e-06,0.000168741189572342,0.228188234285039
74,0.0001725,0,2.5e-06,4.60686885453645e-05,0
75,0.0001725,2.59807621135332e-05,2.5e-06,7.07724324299135e-05,0.00651966383671537
76,0.0001725,5.19615242270663e-05,2.5e-06,6.22849581763369e-05,0.093603745084271
77,0.0001725,7.79422863405995e-05,2.5e-06,3.73424108309581e-05,0.739050464919096
78,0.0001725,0.000103923048454133,2.5e-06,4.57383074074086e-05,0.661745879426613
79,0.0001725,0.000129903810567666,2.5e-06,4.56611472583639e-05,0.743241677385556
80,0.0001725,0.000155884572681199,2.5e-06,5.00820176120133e-05,0.777237067391286
81,0.0001725,0.000181865334794732,2.5e-06,7.07893384593388e-05,0.456376468570078
82,0.0001725,0.000207846096908265,2.5e-06,0.000167370067598997,0.0172305401398906
83,0.0001725,0.000233826859021798,2.5e-06,0.00024978265649396,0.000931380548102196
84,0.0001725,0.000259807621135332,2.5e-06,0.000154107975187357,0.29664470457055
85,0.000195,1.29903810567666e-05,2.5e-06,5.31598642535706e-05,0
86,0.000195,3.89711431702997e-05,2.5e-06,4.85964699393908e-05,0.00884811520697086
87,0.000195,6.49519052838329e-05,2.5e-06,4.52950463746973e-05,0.0936037450842709
88,0.000195,9.09326673973661e-05,2.5e-06,3.58911020657238e-05,0.263115004838871
89,0.000195,0.000116913429510899,2.5e-06,3.15871184094627e-05,0.421915388290296
90,0.000195,0.000142894191624432,2.5e-06,4.45044253639892e-05,0.538803647077123
91,0.000195,0.000168874953737966,2.5e-06,5.61020930776732e-05,0.735790633000738
92,0.000195,0.000194855715851499,2.5e-06,6.39107586869254e-05,0.716697331764643
93,0.000195,0.000220836477965032,2.5e-06,0.000187092471763843,0.136447250296972
94,0.000195,0.000246817240078565,2.5e-06,0.000433860650064733,0.0950008159064242
95,0.0002175,0,2.5e-06,1.53504151516263e-05,0
96,0.0002175,2.59807621135332e-05,2.5e-06,2.35922115045605e-05,0
97,0.0002175,5.19615242270663e-05,2.5e-06,2.4446519682779e-05,0
98,0.0002175,7.79422863405995e-05,2.5e-06,2.91953902780234e-05,0
99,0.0002175,0.000103923048454133,2.5e-06,3.10824492671073e-05,0
100,0.0002175,0.000129903810567666,2.5e-06,1.70039315994957e-05,0.0554171426120808
101,0.0002175,0.000155884572681199,2.5e-06,2.6541188394236e-05,0.186741799894491
102,0.0002175,0.000181865334794732,2.5e-06,6.47463243295767e-05,0.403753467602304
103,0.0002175,0.000207846096908265,2.5e-06,7.08033219144104e-05,0.559294019135372
104,0.0002175,0.000233826859021798,2.5e-06,0.000132322634551218,0.440542999252341
105,0.0002175,0.000259807621135332,2.5e-06,0.000564915613326976,0.111765665772264
106,3.75e-06,6.49519052838329e-06,2.5e-06,0.001,0.188604560990695
107,3.75e-06,1.94855715851499e-05,2.5e-06,0.00049193401897716,0.0740447535741247
108,3.75e-06,3.24759526419164e-05,2.5e-06,0.000491934018977164,0.075441824396278
109,3.75e-06,4.5466333698683e-05,2.5e-06,0.000262088362511993,0.13970708221533
110,3.75e-06,5.84567147554496e-05,2.5e-06,0.000262088362511992,0.135981560022921
111,3.75e-06,7.14470958122162e-05,2.5e-06,0.000157031879008954,0.225394092640733
112,3.75e-06,8.44374768689828e-05,2.5e-06,0.000157031879008953,0.22446271209263
113,3.75e-06,9.74278579257494e-05,2.5e-06,0.000117524046140748,0.337159758412997
114,3.75e-06,0.000110418238982516,2.5e-06,0.000117524046140749,0.337625448687048
115,3.75e-06,0.000123408620039283,2.5e-06,8.21621106878242e-05,0.496891522412524
116,3.75e-06,0.000136399001096049,2.5e-06,8.21621106878243e-05,0.496891522412524
117,3.75e-06,0.000149389382152816,2.5e-06,5.11502782675707e-05,0.679442109840556
118,3.75e-06,0.000162379763209582,2.5e-06,5.11502782675707e-05,0.682236251484862
119,3.75e-06,0.000175370144266349,2.5e-06,3.65490663849742e-05,0.830791448907162
120,3.75e-06,0.000188360525323115,2.5e-06,3.65490663849738e-05,0.825668855892601
121,3.75e-06,0.000201350906379882,2.5e-06,2.73573515354331e-05,0.912752937140156
122,3.75e-06,0.000214341287436649,2.5e-06,2.73573515354323e-05,0.917409839880667
123,3.75e-06,0.000227331668493415,2.5e-06,1.4450756009001e-05,0.944419875775632
124,3.75e-06,0.000240322049550182,2.5e-06,1.4450756009001e-05,0.943488495227531
125,2.625e-05,6.49519052838329e-06,2.5e-06,-0.0002419899212384,0.0684564702855115
126,2.625e-05,1.94855715851499e-05,2.5e-06,0.000266076059784445,0.551842974750554
127,2.625e-05,3.24759526419164e-05,2.5e-06,0.000101392846561882,0.205369410856535
128,2.625e-05,4.5466333698683e-05,2.5e-06,0.000331238503027051,0.065662328641205
129,2.625e-05,5.84567147554496e-05,2.5e-06,0.000146306634611654,0.0251472747987593
130,2.625e-05,7.14470958122162e-05,2.5e-06,0.000251363118114694,0.0153677790436863
131,2.625e-05,8.44374768689828e-05,2.5e-06,0.000141131581618805,0.0274757261690148
132,2.625e-05,9.74278579257494e-05,2.5e-06,0.000180639414487014,0.0195589915101461
133,2.625e-05,0.000110418238982516,2.5e-06,0.000112678180415353,0.0312012483614236
134,2.625e-05,0.000123408620039283,2.5e-06,0.000148040115868279,0.0298041775392703
135,2.625e-05,0.000136399001096049,2.5e-06,9.13314192254423e-05,0.0465690274051098
136,2.625e-05,0.000149389382152816,2.5e-06,0.000122343251645694,0.0628681869968984
137,2.625e-05,0.000162379763209582,2.5e-06,7.27303088402151e-05,0.115025497690622
138,2.625e-05,0.000175370144266349,2.5e-06,8.73315207228091e-05,0.160663144547629
139,2.625e-05,0.000188360525323115,2.5e-06,4.29840464303561e-05,0.189070251264747
140,2.625e-05,0.000201350906379882,2.5e-06,5.2175761279895e-05,0.295713324022448
141,2.625e-05,0.000214341287436649,2.5e-06,2.57207840366804e-05,0.052157310693723
142,2.625e-05,0.000227331668493415,2.5e-06,3.86273795631095e-05,0.285468137993325
143,2.625e-05,0.000240322049550182,2.5e-06,2.86375664900579e-06,0
144,2.625e-05,0.000253312430606948,2.5e-06,1.73145126580059e-05,0.648240861479129
145,4.875e-05,6.49519052838329e-06,2.5e-06,0.000241989921238397,0.0689221605595626
146,4.875e-05,1.94855715851499e-05,2.5e-06,-9.66504547793171e-06,0.705520765187417
147,4.875e-05,3.24759526419164e-05,2.5e-06,0.000155018167744631,0.791673465886871
148,4.875e-05,4.5466333698683e-05,2.5e-06,3.03251966780258e-05,0.603068904896175
149,4.875e-05,5.84567147554496e-05,2.5e-06,0.000215257065093421,0.184413348524235
150,4.875e-05,7.14470958122162e-05,2.5e-06,0.00010771235571342,0.0107108763031753
151,4.875e-05,8.44374768689828e-05,2.5e-06,0.000217943892209308,0.00605397356266428
152,4.875e-05,9.74278579257494e-05,2.5e-06,9.90333197412453e-05,0
153,4.875e-05,0.000110418238982516,2.5e-06,0.000166994553812905,0
154,4.875e-05,0.000123408620039283,2.5e-06,8.24712050419081e-05,0
155,4.875e-05,0.000136399001096049,2.5e-06,0.000139179901684749,0
156,4.875e-05,0.000149389382152816,2.5e-06,6.73990153490239e-05,0
157,4.875e-05,0.000162379763209582,2.5e-06,0.0001170119581545,0
158,4.875e-05,0.000175370144266349,2.5e-06,4.95605688779172e-05,0
159,4.875e-05,0.000188360525323115,2.5e-06,9.39080431703731e-05,0.0554171426120808
160,4.875e-05,0.000201350906379882,2.5e-06,3.08605800173501e-05,0
161,4.875e-05,0.000214341287436649,2.5e-06,5.73155572605624e-05,0.247747225795185
162,4.875e-05,0.000227331668493415,2.5e-06,4.02597478199251e-06,0
163,4.875e-05,0.000240322049550182,2.5e-06,3.97895976960972e-05,0.294316253200296
164,4.875e-05,0.000253312430606948,2.5e-06,-1.73145126580051e-05,0.665937091893072
165,7.125e-05,6.49519052838329e-06,2.5e-06,-0.000131293582977074,0.0479660982272631
166,7.125e-05,1.94855715851499e-05,2.5e-06,0.000120361383739259,0.1695112597546
167,7.125e-05,3.24759526419164e-05,2.5e-06,-2.33273665021853e-05,0.828462997536908
168,7.125e-05,4.5466333698683e-05,2.5e-06,0.000101365604564419,0.845227847402747
169,7.125e-05,5.84567147554496e-05,2.5e-06,9.35734250730711e-06,0.715765951216541
170,7.125e-05,7.14470958122162e-05,2.5e-06,0.000116902051887307,0.386522927462413
171,7.125e-05,8.44374768689828e-05,2.5e-06,4.93481794112431e-05,0.0819614882329933
172,7.125e-05,9.74278579257494e-05,2.5e-06,0.000168258751879305,0.0363238413759857
173,7.125e-05,0.000110418238982516,2.5e-06,6.33818979777858e-05,0.00279414164430659
174,7.125e-05,0.000123408620039283,2.5e-06,0.000147905246748789,0.00139707082215329
175,7.125e-05,0.000136399001096049,2.5e-06,6.10033975425905e-05,0
176,7.125e-05,0.000149389382152816,2.5e-06,0.000132784283878318,0
177,7.125e-05,0.000162379763209582,2.5e-06,4.72971925660648e-05,0
178,7.125e-05,0.000175370144266349,2.5e-06,0.000114748581842648,0
179,7.125e-05,0.000188360525323115,2.5e-06,2.431610408208e-05,0
180,7.125e-05,0.000201350906379882,2.5e-06,8.73635672350996e-05,0.0530886912418253
181,7.125e-05,0.000214341287436649,2.5e-06,9.70004337365073e-06,0
182,7.125e-05,0.000227331668493415,2.5e-06,6.2989625852218e-05,0.233776517573652
183,7.125e-05,0.000240322049550182,2.5e-06,-2.05072114175497e-05,0.0414464343905478
184,7.125e-05,0.000253312430606948,2.5e-06,3.65968989365492e-05,0.604000285444275
185,9.375e-05,6.49519052838329e-06,2.5e-06,0.000131293582977073,0.0502945495975186
186,9.375e-05,1.94855715851499e-05,2.5e-06,-4.5612815215414e-05,0
187,9.375e-05,3.24759526419164e-05,2.5e-06,9.80759350260329e-05,0.309218341969931
188,9.375e-05,4.5466333698683e-05,2.5e-06,-8.39361712792032e-06,0.81262952821917
189,9.375e-05,5.84567147554496e-05,2.5e-06,8.36146449291904e-05,0.860595626446434
190,9.375e-05,7.14470958122162e-05,2.5e-06,1.75005801645215e-05,0.795864678353331
191,9.375e-05,8.44374768689828e-05,2.5e-06,8.50544526405859e-05,0.675716587648147
192,9.375e-05,9.74278579257494e-05,2.5e-06,3.02830920029727e-05,0.429832122949166
193,9.375e-05,0.000110418238982516,2.5e-06,0.000135159945904496,0.16112883482168
194,9.375e-05,0.000123408620039283,2.5e-06,5.81521941267586e-05,0.00745104438481757
195,9.375e-05,0.000136399001096049,2.5e-06,0.000145054043332959,0.00419121246645989
196,9.375e-05,0.000149389382152816,2.5e-06,4.73188801940068e-05,0
197,9.375e-05,0.000162379763209582,2.5e-06,0.00013280597150626,0
198,9.375e-05,0.000175370144266349,2.5e-06,3.41851893507676e-05,0
199,9.375e-05,0.000188360525323115,2.5e-06,0.00012461766711134,0
200,9.375e-05,0.000201350906379882,2.5e-06,1.81148563363479e-05,0
201,9.375e-05,0.000214341287436649,2.5e-06,9.57783801977956e-05,0.0484317885013143
202,9.375e-05,0.000227331668493415,2.5e-06,-2.11519499901646e-05,0
203,9.375e-05,0.000240322049550182,2.5e-06,6.23448872796002e-05,0.255663960454054
204,9.375e-05,0.000253312430606948,2.5e-06,-3.65968989365494e-05,0.600274763251867
205,0.00011625,6.49519052838329e-06,2.5e-06,-8.42636236982604e-05,0.00512259301456208
206,0.00011625,1.94855715851499e-05,2.5e-06,9.26427744942268e-05,0.065662328641205
207,0.00011625,3.24759526419164e-05,2.5e-06,-1.64017723164564e-05,0
208,0.00011625,4.5466333698683e-05,2.5e-06,9.00677798374976e-05,0.413067273083326
209,0.00011625,5.84567147554496e-05,2.5e-06,1.05166972899346e-05,0
210,0.00011625,7.14470958122162e-05,2.5e-06,7.6630762054606e-05,0.73625632327479
211,0.00011625,8.44374768689828e-05,2.5e-06,2.39167346657546e-05,0.386522927462413
212,0.00011625,9.74278579257494e-05,2.5e-06,7.86880953033668e-05,0.707849216557673
213,0.00011625,0.000110418238982516,2.5e-06,3.193185676866e-05,0.417724175823837
214,0.00011625,0.000123408620039283,2.5e-06,0.000108939608546394,0.319463527999054
215,0.00011625,0.000136399001096049,2.5e-06,4.19082269703373e-05,0.0828928687810955
216,0.00011625,0.000149389382152816,2.5e-06,0.000139643390109291,0.0316669386354747
217,0.00011625,0.000162379763209582,2.5e-06,4.13670806075168e-05,0
218,0.00011625,0.000175370144266349,2.5e-06,0.000139987862763009,0
219,0.00011625,0.000188360525323115,2.5e-06,2.66970223185976e-05,0
220,0.00011625,0.000201350906379882,2.5e-06,0.000133199833093589,0
221,0.00011625,0.000214341287436649,2.5e-06,-8.87907714647775e-06,0
222,0.00011625,0.000227331668493415,2.5e-06,0.000108051253041484,0.0451719565829566
223,0.00011625,0.000240322049550182,2.5e-06,-3.04592320112641e-05,0.0619368064487963
224,0.00011625,0.000253312430606948,2.5e-06,6.84825542048875e-05,0.582578532837924
225,0.00013875,6.49519052838329e-06,2.5e-06,8.42636236982629e-05,0.00558828328861318
226,0.00013875,1.94855715851499e-05,2.5e-06,-2.2147522345082e-05,0
227,0.00013875,3.24759526419164e-05,2.5e-06,8.68970244656003e-05,0.0647309480931028
228,0.00013875,4.5466333698683e-05,2.5e-06,-4.67710202326672e-06,0
229,0.00013875,5.84567147554496e-05,2.5e-06,7.48739805242953e-05,0.481058053094787
230,0.00013875,7.14470958122162e-05,2.5e-06,2.408215027656e-05,0.0856870104254024
231,0.00013875,8.44374768689828e-05,2.5e-06,7.6796177665411e-05,0.634270153257599
232,0.00013875,9.74278579257494e-05,2.5e-06,3.03909839290473e-05,0.314806625258544
233,0.00013875,0.000110418238982516,2.5e-06,7.7147222463753e-05,0.673388136277891
234,0.00013875,0.000123408620039283,2.5e-06,2.76073355358339e-05,0.427037981304859
235,0.00013875,0.000136399001096049,2.5e-06,9.46387171118908e-05,0.491768929397962
236,0.00013875,0.000149389382152816,2.5e-06,4.31680353349031e-05,0.221202880174273
237,0.00013875,0.000162379763209582,2.5e-06,0.000141444344836679,0.10990290467606
238,0.00013875,0.000175370144266349,2.5e-06,5.49251294764833e-05,0
239,0.00013875,0.000188360525323115,2.5e-06,0.000168215969920895,0
240,0.00013875,0.000201350906379882,2.5e-06,2.0468955286949e-05,0
241,0.00013875,0.000214341287436649,2.5e-06,0.000162547865527018,0
242,0.00013875,0.000227331668493415,2.5e-06,-3.82518496852916e-05,0
243,0.00013875,0.000240322049550182,2.5e-06,0.000100258635367454,0.0572799037082853
244,0.00013875,0.000253312430606948,2.5e-06,-6.84825542048867e-05,0.583975603660078
245,0.00016125,6.49519052838329e-06,2.5e-06,-4.60686885453655e-05,0
246,0.00016125,1.94855715851499e-05,2.5e-06,6.0342457497977e-05,0.00745104438481758
247,0.00016125,3.24759526419164e-05,2.5e-06,-1.04299749319337e-05,0
248,0.00016125,4.5466333698683e-05,2.5e-06,8.11441515569358e-05,0.0745104438481759
249,0.00016125,5.84567147554496e-05,2.5e-06,1.88591933806009e-05,0
250,0.00016125,7.14470958122162e-05,2.5e-06,6.96510236283382e-05,0.470812867065663
251,0.00016125,8.44374768689828e-05,2.5e-06,3.23086127973799e-05,0.157403312629272
252,0.00016125,9.74278579257494e-05,2.5e-06,7.87138065337442e-05,0.56721075379424
253,0.00016125,0.000110418238982516,2.5e-06,3.29754991263358e-05,0.413998653631428
254,0.00016125,0.000123408620039283,2.5e-06,8.25153860542528e-05,0.658020357234204
255,0.00016125,0.000136399001096049,2.5e-06,3.68542387958882e-05,0.572799037082854
256,0.00016125,0.000149389382152816,2.5e-06,8.83249205728752e-05,0.661280189152563
257,0.00016125,0.000162379763209582,2.5e-06,3.82429029608633e-05,0.520641726389131
258,0.00016125,0.000175370144266349,2.5e-06,0.00012476211832106,0.280811235252813
259,0.00016125,0.000188360525323115,2.5e-06,5.39727798617204e-05,0.0498288593234676
260,0.00016125,0.000201350906379882,2.5e-06,0.000201719794495664,0.0149020887696351
261,0.00016125,0.000214341287436649,2.5e-06,3.43497268966697e-05,0
262,0.00016125,0.000227331668493415,2.5e-06,0.000235149442108978,0
263,0.00016125,0.000240322049550182,2.5e-06,-1.46332143849826e-05,0.0041912124664599
264,0.00016125,0.000253312430606948,2.5e-06,0.000154107975187359,0.291056421281937
265,0.00018375,6.49519052838329e-06,2.5e-06,4.6068688545366e-05,0
266,0.00018375,1.94855715851499e-05,2.5e-06,-7.09117570820558e-06,0
267,0.00018375,3.24759526419164e-05,2.5e-06,6.36812567217095e-05,0.00698535411076648
268,0.00018375,4.5466333698683e-05,2.5e-06,1.50847867823186e-05,0
269,0.00018375,5.84567147554496e-05,2.5e-06,7.73697449586545e-05,0.0735790633000737
270,0.00018375,7.14470958122162e-05,2.5e-06,3.20746985839576e-05,0.04656902740511
271,0.00018375,8.44374768689828e-05,2.5e-06,6.94171094149143e-05,0.36836100677442
272,0.00018375,9.74278579257494e-05,2.5e-06,3.35260073491914e-05,0.457307849118181
273,0.00018375,0.000110418238982516,2.5e-06,7.92643147565979e-05,0.577921630097416
274,0.00018375,0.000123408620039283,2.5e-06,4.76771963471356e-05,0.695741269432343
275,0.00018375,0.000136399001096049,2.5e-06,9.33383436054996e-05,0.707849216557673
276,0.00018375,0.000149389382152816,2.5e-06,4.88339182415105e-05,0.843365086306543
277,0.00018375,0.000162379763209582,2.5e-06,9.89159358535234e-05,0.805644174108404
278,0.00018375,0.000175370144266349,2.5e-06,4.28138427758485e-05,0.855938723705922
279,0.00018375,0.000188360525323115,2.5e-06,0.000113603181235189,0.58816681612654
280,0.00018375,0.000201350906379882,2.5e-06,4.96924225482626e-05,0.417724175823836
281,0.00018375,0.000214341287436649,2.5e-06,0.000217062490147261,0.116888258786826
282,0.00018375,0.000227331668493415,2.5e-06,2.99700183834172e-05,0.0153677790436863
283,0.00018375,0.000240322049550182,2.5e-06,0.000279752674877377,0.0032598319183577
284,0.00018375,0.000253312430606948,2.5e-06,-0.000154107975187357,0.305492819777521
285,0.00020625,6.49519052838329e-06,2.5e-06,-1.53504151516263e-05,0
286,0.00020625,1.94855715851499e-05,2.5e-06,3.78094491019428e-05,0
287,0.00020625,3.24759526419164e-05,2.5e-06,1.42172375973814e-05,0
288,0.00020625,4.5466333698683e-05,2.5e-06,6.28137075367727e-05,0.00745104438481758
289,0.00020625,5.84567147554496e-05,2.5e-06,3.83671878539932e-05,0.0116422568512775
290,0.00020625,7.14470958122162e-05,2.5e-06,8.36622342286905e-05,0.0554171426120809
291,0.00020625,8.44374768689828e-05,2.5e-06,5.44668439506679e-05,0.0777702757665334
292,0.00020625,9.74278579257494e-05,2.5e-06,9.03579460163932e-05,0.153212100162812
293,0.00020625,0.000110418238982516,2.5e-06,5.92754967492865e-05,0.223065641270477
294,0.00020625,0.000123408620039283,2.5e-06,9.08626151587507e-05,0.297576085118652
295,0.00020625,0.000136399001096049,2.5e-06,7.38586835592559e-05,0.400493635683946
296,0.00020625,0.000149389382152816,2.5e-06,0.000118363108923244,0.466155964325152
297,0.00020625,0.000162379763209582,2.5e-06,9.18219205290068e-05,0.586304055030336
298,0.00020625,0.000175370144266349,2.5e-06,0.00014792401360668,0.646378100382927
299,0.00020625,0.000188360525323115,2.5e-06,8.31776892771039e-05,0.756746695333039
300,0.00020625,0.000201350906379882,2.5e-06,0.000147088447964031,0.731599420534278
301,0.00020625,0.000214341287436649,2.5e-06,7.62851260496195e-05,0.820546262878038
302,0.00020625,0.000227331668493415,2.5e-06,0.000263377597813462,0.331571475124384
303,0.00020625,0.000240322049550182,2.5e-06,0.000131054963262244,0.185810419346389
304,0.00020625,0.000253312430606948,2.5e-06,0.000564915613326977,0.119216710157081
305,0.00022875,6.49519052838329e-06,2.5e-06,1.53504151516253e-05,0
306,0.00022875,1.94855715851499e-05,2.5e-06,1.53504151516253e-05,0
307,0.00022875,3.24759526419164e-05,2.5e-06,3.89426266561858e-05,0
308,0.00022875,4.5466333698683e-05,2.5e-06,3.89426266561868e-05,0
309,0.00022875,5.84567147554496e-05,2.5e-06,6.33891463389642e-05,0
310,0.00022875,7.14470958122162e-05,2.5e-06,6.33891463389638e-05,0
311,0.00022875,8.44374768689828e-05,2.5e-06,9.25845366169881e-05,0
312,0.00022875,9.74278579257494e-05,2.5e-06,9.25845366169881e-05,0
313,0.00022875,0.000110418238982516,2.5e-06,0.000123666985884096,0
314,0.00022875,0.000123408620039283,2.5e-06,0.000123666985884096,0
315,0.00022875,0.000136399001096049,2.5e-06,0.000140670917483592,0.0130393276734308
316,0.00022875,0.000149389382152816,2.5e-06,0.000140670917483593,0.0116422568512775
317,0.00022875,0.000162379763209582,2.5e-06,0.00016721210587783,0.0484317885013142
318,0.00022875,0.000175370144266349,2.5e-06,0.000167212105877829,0.0498288593234674
319,0.00022875,0.000188360525323115,2.5e-06,0.000231958430207406,0.12294223234949
320,0.00022875,0.000201350906379882,2.5e-06,0.000231958430207406,0.120148090705183
321,0.00022875,0.000214341287436649,2.5e-06,0.000302761752121816,0.223065641270477
322,0.00022875,0.000227331668493415,2.5e-06,0.000302761752121816,0.236570659217959
323,0.00022875,0.000240322049550182,2.5e-06,0.000435084386673033,0.307355580873726
324,0.00022875,0.000253312430606948,2.5e-06,0.000435084386673033,0.303630058681315
